{"stat.walkOneCm":112487,"stat.pickup.rftools.shield_template_block":194,"stat.useItem.minecraft.lever":3,"stat.mineBlock.rftools.shield_block2":2,"stat.pickup.minecraft.redstone_torch":3,"stat.useItem.minecraft.stone":144,"stat.drop.minecraft.noteblock":1,"stat.drop.draconicevolution.draconic_block":2,"stat.drop.minecraft.diamond_block":1,"stat.drop.draconicevolution.draconium_block":3,"stat.useItem.rftools.shield_template_block":1547,"stat.useItem.minecraft.glowstone":57,"stat.drop.appliedenergistics2.smooth_sky_stone_block":3,"stat.drop.minecraft.iron_block":1,"stat.swimOneCm":6173,"stat.jump":153,"stat.drop.chisel.antiblock":1,"stat.useItem.rftools.smartwrench":1,"stat.drop.minecraft.brown_mushroom_block":1,"stat.pickup.minecraft.glowstone_dust":4,"stat.drop.minecraft.coal_block":1,"stat.pickup.minecraft.stone":2,"stat.drop.minecraft.lapis_block":1,"stat.crouchOneCm":3786,"stat.pickup.rftools.shield_block2":2,"stat.drop.minecraft.slime":1,"stat.mineBlock.minecraft.lever":1,"stat.sprintOneCm":12699,"stat.drop.minecraft.magma":1,"stat.useItem.minecraft.stone_slab2":700,"stat.useItem.betterbuilderswands.wandunbreakable":619,"stat.useItem.minecraft.redstone_ore":6,"stat.drop.minecraft.melon_block":1,"stat.useItem.draconicevolution.draconic_block":128,"stat.useItem.minecraft.water_bucket":18,"stat.drop.minecraft.structure_block":1,"stat.drop.minecraft.purpur_block":1,"stat.drop.appliedenergistics2.chiseled_quartz_block":1,"stat.drop.minecraft.gold_block":1,"stat.useItem.enderio.block_travel_anchor":2,"stat.drop.tconstruct.metal":1,"stat.damageTaken":250,"stat.drop.minecraft.nether_wart_block":1,"stat.drop.appliedenergistics2.fluix_block":1,"stat.noteblockTuned":1,"stat.drop.thermalfoundation.storage_alloy":1,"stat.pickup.minecraft.lever":2,"stat.flyOneCm":1030457,"stat.drop":42,"stat.drop.avaritia_neutronium_addon.neutroniumunstableblockr":3,"stat.playOneMinute":575638,"stat.drop.minecraft.bone_block":1,"stat.sneakTime":8773,"stat.drop.minecraft.quartz_block":1,"stat.drop.minecraft.redstone_block":1,"stat.drop.appliedenergistics2.quartz_block":1,"stat.drop.avaritia.block_resource":6,"stat.drop.extrautils2.simpledecorative":1,"stat.timeSinceDeath":575638,"stat.drop.enderio.block_alloy":1,"stat.diveOneCm":6582,"stat.drop.minecraft.emerald_block":1,"stat.pickup.draconicevolution.draconic_block":48}